-- Insert data into the product table
INSERT INTO product (id, title, small_summary, description, price, amount_in_stock) VALUES
('eb1a95ad-8e6e-43b1-8c17-17bc2d429a8e', 'Autumn Reflections', 'A serene autumn landscape.', 'A beautiful reflection of autumn colors on a calm lake, capturing the essence of the fall season.', 210.50, 1),
('7bfa8d90-c2cb-4f4e-bc41-7fbac676d5ee', 'Winter Wonderland', 'A snowy winter scene.', 'An enchanting portrayal of a snowy forest under the soft glow of winter sunlight.', 220.75, 1),
('1ac8bde4-98a7-4d8e-8f7f-95a69f080d16', 'Spring Bloom', 'A vibrant spring garden.', 'A delightful painting of blooming flowers in a spring garden, bursting with color and life.', 180.00, 1),
('39dbd623-0f21-40a5-889e-ff63e2a61731', 'Summer Breeze', 'A sunny summer day.', 'A cheerful depiction of a sunny summer day, with bright skies and a gentle breeze rustling through the trees.', 175.25, 1),
('4edcdfea-1d4f-495a-90e1-8f6cdb5b6c65', 'Ocean Waves', 'A dynamic seascape.', 'An energetic painting of crashing ocean waves, capturing the power and beauty of the sea.', 230.00, 0),
('3cb9c6ff-2c62-4260-8532-1e08020a8d71', 'Desert Mirage', 'A mystical desert scene.', 'A captivating portrayal of a desert landscape with a mirage shimmering in the distance.', 205.99, 1),
('8ff25f9e-5d12-47f8-bd98-1b30bbfe5c0a', 'Forest Path', 'A tranquil forest path.', 'A peaceful painting of a forest path winding through tall trees, inviting viewers to take a stroll.', 190.49, 0),
('cb98f7b0-821e-40eb-8992-7043cdb1ef6b', 'Mountain Majesty', 'A majestic mountain range.', 'A grand depiction of towering mountains under a clear blue sky, showcasing the majesty of nature.', 250.75, 1),
('2a1bcd4e-0e6f-4ae4-8194-2b2a39f7a6c9', 'Garden Delight', 'A colorful garden.', 'A vibrant painting of a flower garden in full bloom, teeming with color and life.', 165.99, 1),
('fbbf8a4c-5e5f-4e3c-8e9e-8242f3c9e4db', 'Cosmic Dream', 'A fantastical cosmic scene.', 'An imaginative painting of a cosmic landscape with swirling galaxies and vibrant nebulae.', 280.50, 0),
('f5b27327-b27b-49e8-8249-d0b5d0bda27e', 'Nightfall', 'A tranquil night scene.', 'A serene painting of a quiet night, with soft moonlight casting a gentle glow over the landscape.', 210.00, 0),
('3f084d50-3143-4c42-957e-0d2543e6bb79', 'Rainy Day', 'A peaceful rainy day.', 'A soothing depiction of a rainy day, with droplets creating ripples in puddles and a calm atmosphere.', 195.75, 0),
('e1a582f2-13f0-40e0-97cc-b57bde9b1dd1', 'Golden Field', 'A sunny wheat field.', 'A bright and cheerful painting of a golden wheat field under a clear blue sky.', 170.50, 1),
('2df1b2e2-8f59-4f72-b9e6-b907c16f80f6', 'Sunrise Glory', 'A stunning sunrise.', 'A breathtaking painting of a sunrise, with vibrant colors lighting up the sky and reflecting on the water.', 200.00, 1),
('9fc2ae77-65a2-4a78-8fa6-173d06c6dafe', 'Twilight Hues', 'A colorful twilight scene.', 'A captivating depiction of twilight, with the sky painted in a spectrum of beautiful hues.', 225.99, 1),
('b1d3af5d-3a8f-40b1-88fa-329f2829f628', 'Ethereal Light', 'A mystical light.', 'A magical painting of a mystical light glowing in a dark forest, creating an ethereal atmosphere.', 240.75, 1),
('3adf5a61-9080-4b45-850d-0ab8f942c8b0', 'Seaside Escape', 'A calming seaside view.', 'A relaxing painting of a peaceful seaside, with gentle waves and a warm, sandy beach.', 215.50, 1),
('5a2879d4-13d0-4e92-8b2e-2de6e3fd3036', 'Floral Symphony', 'A bouquet of flowers.', 'A vibrant painting of a bouquet of flowers in full bloom, showcasing a symphony of colors and textures.', 185.99, 1),
('6b3d5d16-5b44-44c6-81ab-98d20c7b6d09', 'Island Paradise', 'A tropical island.', 'A beautiful painting of a tropical island paradise, with crystal-clear waters and lush greenery.', 255.00, 0),
('a7b9a4de-27b4-4d82-8db0-3e6c8e7f8c36', 'Urban Jungle', 'A cityscape with greenery.', 'A dynamic painting of an urban cityscape interwoven with lush greenery, blending nature and city life.', 235.75, 1),
('b2f3d9c1-7847-40fa-81a1-2f4d1e2dc5b3', 'Pastel Dreams', 'A soft pastel scene.', 'A dreamy painting with soft pastel colors, creating a gentle and soothing atmosphere.', 175.50, 1),
('0e4d7f36-5cb4-44c4-9158-2f6e3f9c5d22', 'Harvest Moon', 'A full moon over a field.', 'A serene painting of a full moon rising over a field ready for harvest, with a peaceful night sky.', 220.00, 1),
('21d8a6c7-8e35-42ad-9a8f-6c5c3f77d19c', 'Mystical Waters', 'An enchanting water scene.', 'A captivating painting of a mystical water scene, with reflections of stars and moonlight dancing on the surface.', 245.50, 1),
('82a7b345-5583-49c5-b3c2-6b3a1d7f7d45', 'Wildflower Meadow', 'A field of wildflowers.', 'A beautiful painting of a meadow filled with wildflowers in full bloom, bursting with color and life.', 190.25, 1),
('d6b9e9a5-3dfd-42f9-b23a-6c5c2f7d1c36', 'Enchanted Forest', 'A magical forest.', 'A whimsical painting of an enchanted forest, with glowing lights and a magical atmosphere.', 230.75, 1),
('6f2b2e8d-4a5b-4862-9204-3c5c3f7f9d8c', 'Serenity', 'A calm and peaceful scene.', 'A calming painting of a serene landscape, with soft colors and a tranquil atmosphere.', 210.99, 1),
('1f9c8a7d-4d2f-4d6b-b1a9-1f6e3d2c6c7b', 'Lush Greenery', 'A verdant landscape.', 'A vibrant painting of lush green scenery, with rolling hills and verdant foliage.', 185.50, 1),
('e3b8a9d4-5d7f-489d-8c1e-7f4c2f9a7d23', 'Rustic Charm', 'A charming rustic scene.', 'A charming painting of a rustic countryside, with quaint cottages and a peaceful atmosphere.', 195.75, 1),
('4a2d9b8e-3d4b-48f7-b5d3-7d2c9f8b6d01', 'Blue Horizon', 'A distant horizon.', 'A soothing painting of a distant horizon, with a soft blend of blue tones and a tranquil feel.', 170.99, 1),
('f47ac10b-58cc-4372-a567-0e02b2c3d479', 'Sunset Bliss', 'A serene view of a sunset over the ocean.', 'This artwork captures the tranquil beauty of a sunset over the ocean with vibrant colors and delicate brush strokes.', 199.99, 1),
('bb27dc6e-85ee-4a03-aabb-1de3a19f0d9f', 'Mystic Forest', 'An enchanting depiction of a mystical forest.', 'Mystic Forest is an evocative painting that transports viewers to an otherworldly realm, filled with ethereal light and mysterious shadows.', 249.99, 1),
('c51baf8d-99f2-4c25-8b1b-5a3c526c2f61', 'City Lights', 'A vibrant cityscape at night.', 'City Lights showcases the bustling energy and dazzling lights of a metropolitan skyline, captured in vivid detail.', 299.99, 1),
('3f8c6fa9-631f-4b5a-8288-4f93cf29ab79', 'Starry Night Dreams', 'A dreamy interpretation of a starry night.', 'Starry Night Dreams is a whimsical painting that blends fantasy and reality, depicting a night sky filled with swirling stars and imaginative shapes.', 159.99, 1),
('d27f90bc-2a29-4a5f-93e1-9a2fdbe3c3b5', 'Autumn Serenity', 'A peaceful autumn landscape.', 'Autumn Serenity captures the quiet beauty of a fall day, with warm colors and gentle scenery that evokes a sense of calm and relaxation.', 189.99, 1);

-- Insert data into the users table
INSERT INTO users (membership_id, first_name, infix, last_name, date_of_birth, phone_number) VALUES
('742c546f-20bc-4af9-9575-fc854bb7762c', 'Cust', 'o', 'Mer', '05-08-1980', '0698745612'),
('a7020464-9a92-4285-9fc9-5e6851c13d2f', 'Loek', 'for', 'Artist', '24-02-1995', '0613497658'),
('e01f79b3-ef76-4df6-bd91-d12d29e8d8f4', 'Sara', 'van', 'Admin', '01-02-1953', '0655554444'),
('a8e4c3d7-9bfa-4a8c-aeed-2f8db63a9905', 'Inge', 'ad', 'Mean', '21-09-1990', '06987524856');

-- Insert data into the account table
INSERT INTO account (membership_id, email, password) VALUES
('742c546f-20bc-4af9-9575-fc854bb7762c', 'customer@outlook.com', '$2a$12$baJpYs1bsb2GYhvfclz9YuAGRUlnjDNK0kdqx3irSw2WJyM.JC3RS'), -- pw: Cust0m3R62!8
('a7020464-9a92-4285-9fc9-5e6851c13d2f', 'loek4artist@artistie.nl', '$2a$12$wSyBZl6nM1.DgUQa7IXdzOSAPJ0L3U3uckt/LXIjKombo55yi/s7C'), -- pw: Bo@kjev00rLoek5
('e01f79b3-ef76-4df6-bd91-d12d29e8d8f4', 'Sara.van.Admin@anonymous-artist.com', '$2a$12$UovSVq.nIz27R/t7ko0SNekSfc80CNvdKi/AurK3uPkJ/xoDlrsJG'), -- pw: Git2dChoppa!
('a8e4c3d7-9bfa-4a8c-aeed-2f8db63a9905', 'Inge.ad.Mean@anonymous-artist.com', '$2a$12$u9lSaQ2RmOB5gbdtNKXdXOATztSoqr/oKiEalYofD/YUkPv07u2rq'); --pw: DrpDaT4blEH!T

-- Insert data into the address table
INSERT INTO address (address_id, membership_id, street_name, house_number, house_number_addition, zip_code, city, province, country) VALUES
('5e28da1f-351a-4a9c-9501-6467dc724520', '742c546f-20bc-4af9-9575-fc854bb7762c', 'Hertog-Janstraat', 111, 'C', '6598 AB', 'Almelo', 'Overijssel', 'The Netherlands'),
('6ab886d0-f639-4945-87d3-b14a860de9e7', 'a7020464-9a92-4285-9fc9-5e6851c13d2f', 'Berendbotjeweg', 51, '', '1647 ZZ', 'Sint Jansteen', 'Zeeland', 'The Netherlands'),
('d3b8e7a4-5f7a-4e6a-9e1c-8c8f3f8d2e9b', 'e01f79b3-ef76-4df6-bd91-d12d29e8d8f4', 'Nijntjeplein', 200, 'Bis', '5485 GC', 'Ermeloo', 'Utrecht', 'The Netherlands'),
('a1f0b2c3-8d9e-4f5a-b6c7-0e1d2e3f4a5b', 'a8e4c3d7-9bfa-4a8c-aeed-2f8db63a9905', 'Isolatorweg', 20, 'Z', '8715 NA', 'Amsterdam', 'Ergensland', 'The Netherlands');

-- Insert data into the authorities table
INSERT INTO authorities (email, authority) VALUES
('customer@outlook.com', 'ROLE_USER'),
('loek4artist@artistie.nl', 'ROLE_USER'),
('Sara.van.Admin@anonymous-artist.com', 'ROLE_ADMIN'),
('Inge.ad.Mean@anonymous-artist.com', 'ROLE_ADMIN'),
('Inge.ad.Mean@anonymous-artist.com', 'ROLE_USER'),
('Sara.van.Admin@anonymous-artist.com', 'ROLE_USER');

-- Insert data into the cart table
INSERT INTO cart (cart_id, total_price, membership_id) VALUES
('567272af-e92d-4eb5-8373-986c81fead01',0 ,'742c546f-20bc-4af9-9575-fc854bb7762c'), -- Cust
('6fe9e5ed-f596-48eb-aba3-843191d6d6c7', 0, 'a7020464-9a92-4285-9fc9-5e6851c13d2f'), -- Loek
('eb4e4757-13a0-4e1e-8fed-55c84ca9b6da', 0, 'a8e4c3d7-9bfa-4a8c-aeed-2f8db63a9905'), -- Inge
('3fe390e7-2698-4fd3-8437-ad1d72b8d21e', 0, 'e01f79b3-ef76-4df6-bd91-d12d29e8d8f4'); -- Sara





